{"C1": 0.0005, "L1": 8.999999999999999e-05, "R1": 0.35000000000000003, "Nonlinear_C1": true, "Nonlinear_L1": true, "Slope_C1": 0.05, "Slope_L1": 0.5, "C2": 0.00019999999999999998, "L2": 0.00025, "R2": 0.2, "Nonlinear_C2": true, "Nonlinear_L2": true, "Slope_C2": 0.05, "Slope_L2": 0.5}